INSERT INTO USER (UUID, USERNAME, PASSWORD, EMAIL, AVATAR) VALUES ('b5607d38-8fc1-43ef-b44e-34967083c80a', 'user1', /* ZAQ!2wsx */ '$2y$10$eZGjS7qvh8V0ynyyh6FU9ecW/FY.Tq4IT3Dq4icOZFNfSmRmeHp52', 'user1@mail.com', false);
INSERT INTO USER (UUID, USERNAME, PASSWORD, EMAIL, AVATAR) VALUES ('e13749fe-9810-11ea-bb37-0242ac130002', 'user2', /* ZAQ!2wsx */ '$2y$10$eZGjS7qvh8V0ynyyh6FU9ecW/FY.Tq4IT3Dq4icOZFNfSmRmeHp52', 'user2@mail.com', false);
INSERT INTO USER (UUID, USERNAME, PASSWORD, EMAIL, AVATAR) VALUES ('e5036964-9810-11ea-bb37-0242ac130002', 'user3', /* ZAQ!2wsx */ '$2y$10$eZGjS7qvh8V0ynyyh6FU9ecW/FY.Tq4IT3Dq4icOZFNfSmRmeHp52', 'user3@mail.com', false);
INSERT INTO USER (UUID, USERNAME, PASSWORD, EMAIL, AVATAR) VALUES ('e5036964-9810-11ea-bb37-0242ac130004', 'user4', /* ZAQ!2wsx */ '$2y$10$eZGjS7qvh8V0ynyyh6FU9ecW/FY.Tq4IT3Dq4icOZFNfSmRmeHp52', 'user4@mail.com', false);

INSERT INTO USER_BLACKLIST (USER_ID, BLACKLIST_USER_ID) VALUES ('e13749fe-9810-11ea-bb37-0242ac130002', 'e5036964-9810-11ea-bb37-0242ac130002');

INSERT INTO CHAT (UUID, NAME) VALUES ('86acf316-9811-11ea-bb37-0242ac130002', 'Chat1');
INSERT INTO CHAT (UUID, NAME) VALUES ('86acf316-9811-11ea-bb37-0242ac130012', 'Chat2');
INSERT INTO CHAT (UUID, NAME) VALUES ('86acf316-9811-11ea-bb37-0242ac130022', 'Chat3');
INSERT INTO CHAT (UUID, NAME) VALUES ('86acf316-9811-11ea-bb37-0242ac130032', 'Chat4');

INSERT INTO CHAT_USERS (CHAT_ID, USER_ID) VALUES ('86acf316-9811-11ea-bb37-0242ac130002', 'b5607d38-8fc1-43ef-b44e-34967083c80a');
INSERT INTO CHAT_USERS (CHAT_ID, USER_ID) VALUES ('86acf316-9811-11ea-bb37-0242ac130002', 'e13749fe-9810-11ea-bb37-0242ac130002');

INSERT INTO CHAT_USERS (CHAT_ID, USER_ID) VALUES ('86acf316-9811-11ea-bb37-0242ac130012', 'b5607d38-8fc1-43ef-b44e-34967083c80a');
INSERT INTO CHAT_USERS (CHAT_ID, USER_ID) VALUES ('86acf316-9811-11ea-bb37-0242ac130012', 'e13749fe-9810-11ea-bb37-0242ac130002');

INSERT INTO CHAT_USERS (CHAT_ID, USER_ID) VALUES ('86acf316-9811-11ea-bb37-0242ac130022', 'b5607d38-8fc1-43ef-b44e-34967083c80a');
INSERT INTO CHAT_USERS (CHAT_ID, USER_ID) VALUES ('86acf316-9811-11ea-bb37-0242ac130022', 'e13749fe-9810-11ea-bb37-0242ac130002');

INSERT INTO CHAT_USERS (CHAT_ID, USER_ID) VALUES ('86acf316-9811-11ea-bb37-0242ac130032', 'b5607d38-8fc1-43ef-b44e-34967083c80a');
INSERT INTO CHAT_USERS (CHAT_ID, USER_ID) VALUES ('86acf316-9811-11ea-bb37-0242ac130032', 'e13749fe-9810-11ea-bb37-0242ac130002');

INSERT INTO MESSAGE (CONTENT, TIMESTAMP, CHAT_ID, USER_ID) VALUES ('Hi', NOW(), '86acf316-9811-11ea-bb37-0242ac130002', 'b5607d38-8fc1-43ef-b44e-34967083c80a');
INSERT INTO MESSAGE (CONTENT, TIMESTAMP, CHAT_ID, USER_ID) VALUES ('Hi bro', NOW(), '86acf316-9811-11ea-bb37-0242ac130002', 'e13749fe-9810-11ea-bb37-0242ac130002');

INSERT INTO MESSAGE (CONTENT, TIMESTAMP, CHAT_ID, USER_ID) VALUES ('Hi', NOW(), '86acf316-9811-11ea-bb37-0242ac130012', 'b5607d38-8fc1-43ef-b44e-34967083c80a');
INSERT INTO MESSAGE (CONTENT, TIMESTAMP, CHAT_ID, USER_ID) VALUES ('Hi bro', NOW(), '86acf316-9811-11ea-bb37-0242ac130012', 'e13749fe-9810-11ea-bb37-0242ac130002');

INSERT INTO MESSAGE (CONTENT, TIMESTAMP, CHAT_ID, USER_ID) VALUES ('Hi', NOW(), '86acf316-9811-11ea-bb37-0242ac130022', 'b5607d38-8fc1-43ef-b44e-34967083c80a');
INSERT INTO MESSAGE (CONTENT, TIMESTAMP, CHAT_ID, USER_ID) VALUES ('Hi bro', NOW(), '86acf316-9811-11ea-bb37-0242ac130022', 'e13749fe-9810-11ea-bb37-0242ac130002');

INSERT INTO MESSAGE (CONTENT, TIMESTAMP, CHAT_ID, USER_ID) VALUES ('Hi', NOW(), '86acf316-9811-11ea-bb37-0242ac130032', 'b5607d38-8fc1-43ef-b44e-34967083c80a');
INSERT INTO MESSAGE (CONTENT, TIMESTAMP, CHAT_ID, USER_ID) VALUES ('Hi bro', NOW(), '86acf316-9811-11ea-bb37-0242ac130032', 'e13749fe-9810-11ea-bb37-0242ac130002');